No,name,position,gender,contact
1,ankit ,engineer,male,9876543210
2,vinay,doctor,male,9876543211
3,ankita,engineer,female,9876543212
4,shivani,engineer,female,9876543213
5,vinay,doctor,male,9876543214
6,sristi,teacher,female,9876543215
7,priti,doctor,female,9876543216
8,amit,doctor,male,9876543217
9,nisha,engineer,female,9876543218
10,sarthak,doctor,male,9876543219
11,pranay,engineer,male,9876543220
12,sankalp,teacher,male,9876543221
13,sushil,accountant,male,9876543222
14,piyush,doctor,male,9876543223
15,ayushi,engineer,female,9876543224
16,aniket,doctor,male,9876543225
,,,,,
,,,,,
,,,,,
